,KL divergence,Top1 events recall,Top2 events recall,Top3 events recall,Top5 events recall,Top10 events recall,R2 of Frameshift ratio,Top5 events tau,Top10 events tau,Coll_I_Top1,Coll_I_Top2,Coll_I_Top3,Coll_I_Top5,Coll_I_Top10,Major0.15,Major0.20,KLD_IDL,Top1_IDL,Top2_IDL,Top3_IDL,Top5_IDL,Top10_IDL,delratio_r2,Kendall_tau_IDL,celltype,feat_range
6,1.386928227,0.767872904,1.449249779,2.052956752,3.281553398,6.531332745,0.860478014,0.571728005,0.515894258,0.766107679,1.465136805,2.122683142,3.409532215,6.669902913,0.783054004,0.780295228,0.195610955,0.762577229,1.473080318,2.189761695,3.649602824,7.909090909,0.759573875,0.746371912,mESC,30
8,1.185695296,0.802294793,1.485436893,2.104148279,3.303618711,6.383053839,0.855527563,0.609775829,0.534716149,0.810238305,1.52250662,2.154457193,3.41129744,6.545454545,0.822580645,0.840540541,0.149793223,0.796999117,1.518093557,2.192409532,3.60988526,7.520741395,0.830562611,0.766861788,HAP1,100
2,1.938473452,0.785525154,1.442188879,2.047661077,3.122683142,5.829655781,0.854909983,0.592811074,0.515552567,0.784642542,1.468667255,2.108561342,3.215357458,5.976169462,0.824798262,0.832655827,0.238360301,0.780229479,1.472197705,2.126213592,3.460723742,7.006178288,0.79043079,0.674415081,iPSC,10
9,1.18037982,0.789055605,1.461606355,2.112091792,3.344218888,6.589585172,0.850505694,0.595058376,0.532871616,0.795233892,1.481023831,2.147396293,3.39717564,6.709620477,0.805056554,0.795060332,0.142470598,0.781994704,1.498676081,2.226831421,3.659311562,7.605472198,0.846606862,0.775388441,K562,20
1,1.365370241,0.765225066,1.414827891,2.054721977,3.350397176,6.73521624,0.816826465,0.610425472,0.540187833,0.80141218,1.500441306,2.173874669,3.45984113,6.986760812,0.795918367,0.775548697,0.155771524,0.789055605,1.518976169,2.25419241,3.690203001,7.734333628,0.787220261,0.768942364,CHO,20
