KL divergence,Top5 events recall,Top10 events recall,R2 of Frameshift ratio,Coll_I_Top5,Coll_I_Top10,KLD_IDL,Top5_IDL,Top10_IDL,W1-distance_IDL,delratio_r2,Kendall_tau_IDL,celltype,set
2.0558044977242824,3.1059135039717565,5.813768755516328,0.8483396926709718,3.2171226831421005,5.9602824360105915,0.2383069396018982,3.4607237422771404,7.011473962930274,0.07116951029970256,0.7866196666906091,0.6741882763134552,iPSC,featv5
1.2292307783362093,3.3477493380406003,6.762577228596646,0.80335942826297,3.4580759046778464,6.991173874669021,0.1459725946187973,3.6963812886142984,7.807590467784642,0.05667415444452363,0.780138382751638,0.7690713789358341,CHO,featv5
1.4248165854656476,3.2797881729920566,6.51721094439541,0.8590375081820166,3.413945278022948,6.664607237422771,0.19674073159694672,3.6548984995586937,7.917034421888791,0.06710179724591327,0.7747249971246084,0.7452324150487075,mESC,featv5
1.25830401723509,3.2824360105913506,6.386584289496911,0.8490733802962077,3.4060017652250663,6.5525154457193295,0.15501925349235535,3.6019417475728157,7.496910856134157,0.0563591616042106,0.8279228815695477,0.7632777899681574,HAP1,featv5
1.1256785575836397,3.3468667255075024,6.5639894086496025,0.845974866753245,3.407766990291262,6.677846425419241,0.15028657019138336,3.648720211827008,7.607237422771403,0.05463268469337506,0.8476281465776626,0.7664082009153732,K562,featv5
