celltype,frame0_r2,frame1_r2,frame2_r2
iPSC,0.8483396927534527,0.8186864835960495,0.8179187565855119
CHO,0.8033594450594793,0.7750080394189153,0.7627611268425617
mESC,0.8590375039910088,0.8324314029497452,0.83363416131634
HAP1,0.8490733896527028,0.8341353895762135,0.8384285338575436
K562,0.8459748593297691,0.8228666118357062,0.8346605583878876
