,KL divergence,Top5 events recall,Top10 events recall,R2 of Frameshift ratio,Coll_I_Top5,Coll_I_Top10,KLD_IDL,Top5_IDL,Top10_IDL,W1-distance_IDL,delratio_r2,Kendall_tau_IDL,celltype,set
0,1.573580581244387,2.9664607237422773,6.030008826125331,0.7744028951901357,3.1270962047661075,6.170344218887908,0.492051899433136,3.5278022947925862,7.834951456310679,0.09699386723758041,0.23731708927804934,0.6929718937828044,mESC,inDelphi
0,1.3418362259023082,2.8967343336275375,5.829655781112092,0.7600648446520214,3.031774051191527,5.98234774933804,0.4547942876815796,3.3689320388349513,7.380406001765225,0.2213119409662904,0.2415130730782217,0.7022077614551214,K562,inDelphi
0,1.1842691787869553,3.3398058252427183,6.593998234774934,0.848194873931246,3.385701676963813,6.696381288614298,0.1519710123538971,3.6548984995586937,7.599293909973522,0.054858432238259855,0.8431628902372965,0.7669548229453471,K562,inDecay
