,KL divergence,Top5 events recall,Top10 events recall,R2 of Frameshift ratio,Coll_I_Top5,Coll_I_Top10,KLD_IDL,Top5_IDL,Top10_IDL,W1-distance_IDL,delratio_r2,Kendall_tau_IDL,celltype,set
0,0.9504535462470535,2.970873786407767,6.040600176522506,0.7743918779939314,3.1262135922330097,6.164165931156222,0.4300427115556991,3.52603706972639,7.829655781112092,0.09699376038335314,0.23690412996068386,0.6898311338581816,mESC,inDelphi
0,2.6295616119859,2.8967343336275375,5.829655781112092,0.7600648446520214,3.031774051191527,5.98234774933804,2.4848724752457234,3.3689320388349513,7.380406001765225,0.2213119409662904,0.24151307307822154,0.7022077614551214,K562,inDelphi
