,KL divergence,Top5 events recall,Top10 events recall,R2 of Frameshift ratio,Coll_I_Top5,Coll_I_Top10,KLD_IDL,Top5_IDL,Top10_IDL,W1-distance_IDL,delratio_r2,Kendall_tau_IDL,Name,Model,Celltype
0,0.9977128311991692,3.64,8.92,0.10987299815287116,3.8,9.04,0.9025171330504936,4.08,9.32,0.2326768197341468,0.02471730512183854,0.9331797631150177,inDecay_mESC_scratch,inDecay_scratch,mESC
1,1.039647857248783,3.64,8.92,0.09133759419689273,3.8,9.0,0.9475988821204245,4.16,9.24,0.24051838889491112,0.015887639285158062,0.9325805445549578,inDecay_iPSC_scratch,inDecay_scratch,iPSC
2,1.0277669909596443,3.76,8.96,0.08066845802323366,3.92,9.12,0.9167729789114802,4.12,9.28,0.2263628313060002,0.058758392510639045,0.9325412515346259,DeepDecay_mESC_scratch,DeepDecay_scratch,mESC
3,1.0667423141002654,3.68,8.92,0.04664221866041665,3.8,9.08,0.9629358420777513,4.16,9.36,0.24106029429748438,0.04740055141783898,0.931539279516165,DeepDecay_iPSC_scratch,DeepDecay_scratch,iPSC
4,0.4911687609553337,3.64,8.84,0.12876930670853154,3.8,9.08,0.4225863046856418,4.0,9.24,0.19544035681006716,0.1662365910719112,0.9399676323773363,DeepDecay_iPSC_fewshot,DeepDecay_fewshot,iPSC
5,0.45132835283875467,3.72,8.76,0.21420816755805627,3.84,9.0,0.3839296160202975,3.96,9.36,0.1831479084514836,0.23281028881114485,0.9441228692774242,DeepDecay_mESC_fewshot,DeepDecay_fewshot,mESC
6,0.5286288474500179,3.64,8.76,0.2203474550350052,3.84,8.96,0.47418404873562714,4.12,9.2,0.18363238143130706,0.04367965438970538,0.9379538650853315,inDecay_mESC_fewshot,inDecay_fewshot,mESC
7,0.5023935995995998,3.56,8.84,0.20982951775521075,3.76,9.0,0.4466842343321192,4.04,9.12,0.1887053589183689,0.0398856583113537,0.9387593720021333,inDecay_iPSC_fewshot,inDecay_fewshot,iPSC
