fix_setting,Top1 event recall,Top5 event recall,KL Divergence,Top5 Kendall tau,abs frameshift error,Major(0.25) event recall,KLD_IDL,Kendall_tau_IDL,Top1_IDL,Top5_IDL,Kendall_Top3_IDL,Kendall_Top5_IDL
FORECasT,0.6666666666666666,2.433333333333333,1.3654507140318553,0.10971428571428571,0.12437980229061675,0.42592592592592593,0.8666626592477162,0.380043352155247,0.6666666666666666,3.033333333333333,0.1564814814814815,0.18133333333333332
Lindel,0.5666666666666667,2.033333333333333,4.874200050036112,-0.04711111111111111,0.15112611257827074,0.37037037037037035,4.357735486825307,0.2782979334329126,0.6,2.5,0.02777777777777781,0.022666666666666665
fewshot,0.6666666666666666,3.033333333333333,1.1340077179173629,0.2643333333333333,0.05875898779527619,0.7962962962962963,0.7419740947584311,0.4754217816027672,0.6333333333333333,3.3333333333333335,0.20092592592592595,0.28744444444444445
inDelphi,0.5333333333333333,2.5,1.7194923102855681,0.08585714285714285,0.08381083064259691,0.48148148148148145,1.185082590083281,0.43468086060424865,0.5333333333333333,3.0,0.07037037037037039,0.15766666666666665
pretrained,0.5666666666666667,2.6,1.192587910592556,0.0954126984126984,0.08384461215432187,0.5185185185185185,0.8169987574219704,0.461236642149133,0.6,3.033333333333333,0.10000000000000003,0.15666666666666665
